BER,"BCH(127,8)","BCH(31,6)","BCH(15,5)","BCH(15,7)","BCH(15,11)","BCH(7,4)",No encoding (k=15),No encoding (k=7)
0.0,0.06299212598425197,0.1935483870967742,0.3333333333333333,0.4666666666666667,0.7333333333333333,0.5714285714285714,1.0,1.0
0.1,0.06299212598425197,0.1935483870967742,0.32266666666666666,0.38826666666666665,0.39013333333333333,0.4731428571428571,0.188,0.436
0.2,0.05845669291338583,0.13316129032258064,0.21466666666666667,0.196,0.11733333333333333,0.3337142857142857,0.036,0.208
0.30000000000000004,0.009070866141732283,0.04412903225806452,0.10533333333333333,0.06906666666666667,0.020533333333333334,0.19657142857142854,0.008,0.084
0.4,0.0,0.00929032258064516,0.030666666666666665,0.014933333333333333,0.005866666666666667,0.08914285714285713,0.004,0.02
0.5,0.0,0.0,0.004,0.0018666666666666666,0.0,0.045714285714285714,0,0.024
0.6,0.0,0.0,0.0,0.0,0.0,0.011428571428571429,0,0
0.7,0.0,0.0,0.0,0.0,0.0,0.0,0,0
